missingPercent,clusterSize,perGroupN,targetPower,sigmaSq,icc,numGroups,betaScale,empiricalPower
0,50,40,0.5,2,0.04,2,0.1507826961,0.4827
0.2,50,40,0.5,2,0.04,2,0.153767842,0.4896
0.4,50,40,0.5,2,0.04,2,0.158041488,0.4928
0,50,40,0.8,2,0.04,2,0.2155814799,0.7865
0.2,50,40,0.8,2,0.04,2,0.219764943,0.7864
0.4,50,40,0.8,2,0.04,2,0.2258767053,0.7935
