missingPercent,clusterSize,perGroupN,targetPower,sigmaSq,icc,numGroups,betaScale,empiricalPower
0,50,10,0.5,2,0.04,2,0.3021883746,0.4602
0.2,50,10,0.5,2,0.04,2,0.3087075208,0.4567
0.4,50,10,0.5,2,0.04,2,0.3172725641,0.455
0,50,10,0.8,2,0.04,2,0.4319438233,0.7511
0.2,50,10,0.8,2,0.04,2,0.4412781499,0.7702
0.4,50,10,0.8,2,0.04,2,0.4535361783,0.7595
