missingPercent,clusterSize,perGroupN,targetPower,sigmaSq,icc,numGroups,betaScale,empiricalPower
0,50,40,0.2,2,0.04,4,0.0909684015,0.1919
0.2,50,40,0.2,2,0.04,4,0.0927320675,0.202
0.4,50,40,0.2,2,0.04,4,0.0953105602,0.2008
0,50,40,0.5,2,0.04,4,0.1507984745,0.4901
0.2,50,40,0.5,2,0.04,4,0.1537227982,0.4894
0.4,50,40,0.5,2,0.04,4,0.1579982138,0.4882
0,50,40,0.8,2,0.04,4,0.2074592245,0.778
0.2,50,40,0.8,2,0.04,4,0.2114821472,0.7934
0.4,50,40,0.8,2,0.04,4,0.217363497,0.7888
