monotone,maxObservations,missingPercent,perGroupN,targetPower,rho,delta,sigmaSq,numGroups,betaScale,empiricalPower
1,5,0,50,0.5,0.4,1,1,2,0.5691834748,0.6019
0,5,0,50,0.5,0.4,1,1,2,0.5691834748,0.6099
1,5,0.2,50,0.5,0.4,1,1,2,0.5382808318,0.5465
0,5,0.2,50,0.5,0.4,1,1,2,0.5618393965,0.562
1,5,0.4,50,0.5,0.4,1,1,2,0.5614206977,0.5793
0,5,0.4,50,0.5,0.4,1,1,2,0.590086513,0.5865
