monotone,maxObservations,missingPercent,perGroupN,targetPower,rho,delta,sigmaSq,numGroups,betaScale,empiricalPower
1,5,0,50,0.8,0.4,1,1,4,0.8837433368,0.9709
0,5,0,50,0.8,0.4,1,1,4,0.8837433368,0.9713
1,5,0.2,50,0.8,0.4,1,1,4,0.8201827986,0.9395
0,5,0.2,50,0.8,0.4,1,1,4,0.8697331504,0.9573
1,5,0.4,50,0.8,0.4,1,1,4,0.8601232526,0.9595
0,5,0.4,50,0.8,0.4,1,1,4,0.9046127052,0.9575
