monotone,maxObservations,missingPercent,perGroupN,targetPower,rho,delta,sigmaSq,numGroups,betaScale,empiricalPower
1,5,0,50,0.2,0.4,1,1,2,0.3789111166,0.2791
0,5,0,50,0.2,0.4,1,1,2,0.3789111166,0.2889
1,5,0.2,50,0.2,0.4,1,1,2,0.3555252232,0.2513
0,5,0.2,50,0.2,0.4,1,1,2,0.3716355657,0.2643
1,5,0.4,50,0.2,0.4,1,1,2,0.3725706763,0.2735
0,5,0.4,50,0.2,0.4,1,1,2,0.3918130813,0.2791
