monotone,maxObservations,missingPercent,perGroupN,targetPower,rho,delta,sigmaSq,numGroups,betaScale,empiricalPower
1,5,0,50,0.8,0.4,1,1,2,0.738196564,0.8457
0,5,0,50,0.8,0.4,1,1,2,0.738196564,0.852
1,5,0.2,50,0.8,0.4,1,1,2,0.7001257628,0.8017
0,5,0.2,50,0.8,0.4,1,1,2,0.730411065,0.8185
1,5,0.4,50,0.8,0.4,1,1,2,0.7289995934,0.8289
0,5,0.4,50,0.8,0.4,1,1,2,0.7660101597,0.8362
