monotone,maxObservations,missingPercent,perGroupN,targetPower,rho,delta,sigmaSq,numGroups,betaScale,empiricalPower
1,5,0,50,0.5,0.4,1,1,4,0.7219917054,0.8533
0,5,0,50,0.5,0.4,1,1,4,0.7219917054,0.8535
1,5,0.2,50,0.5,0.4,1,1,4,0.6701181864,0.7753
0,5,0.2,50,0.5,0.4,1,1,4,0.7081278959,0.8097
1,5,0.4,50,0.5,0.4,1,1,4,0.7039045935,0.8176
0,5,0.4,50,0.5,0.4,1,1,4,0.7404695849,0.8231
