monotone,maxObservations,missingPercent,perGroupN,targetPower,rho,delta,sigmaSq,numGroups,betaScale,empiricalPower
1,5,0,50,0.2,0.4,1,1,4,0.510241257,0.4911
0,5,0,50,0.2,0.4,1,1,4,0.510241257,0.4858
1,5,0.2,50,0.2,0.4,1,1,4,0.4731104764,0.415
0,5,0.2,50,0.2,0.4,1,1,4,0.4982551529,0.4445
1,5,0.4,50,0.2,0.4,1,1,4,0.4981150988,0.4493
0,5,0.4,50,0.2,0.4,1,1,4,0.5241583576,0.4693
